﻿<?xml version="1.0" encoding="utf-8"?>
<Atlas>
	<Texture filename="inventoryimages_dst_wendy.tex" />
	<Elements>
		<Element name="abigail_flower_level0.tex" u1="0.001" u2="0.249" v2="0.999" v1="0.751" variant="" />
		<Element name="abigail_flower_level2.tex" u1="0.251" u2="0.499" v2="0.999" v1="0.751" variant="" />
		<Element name="abigail_flower_level3.tex" u1="0.001" u2="0.249" v2="0.749" v1="0.501" variant="" />
		<Element name="abigail_flower_old.tex" u1="0.251" u2="0.499" v2="0.749" v1="0.501" variant="" />
		<Element name="ghostflower.tex" u1="0.501" u2="0.749" v2="0.999" v1="0.751" variant="" />
		<Element name="ghostlyelixir_attack.tex" u1="0.501" u2="0.749" v2="0.749" v1="0.501" variant="" />
		<Element name="ghostlyelixir_fastregen.tex" u1="0.751" u2="0.999" v2="0.999" v1="0.751" variant="" />
		<Element name="ghostlyelixir_retaliation.tex" u1="0.751" u2="0.999" v2="0.749" v1="0.501" variant="" />
		<Element name="ghostlyelixir_shield.tex" u1="0.001" u2="0.249" v2="0.499" v1="0.251" variant="" />
		<Element name="ghostlyelixir_slowregen.tex" u1="0.001" u2="0.249" v2="0.249" v1="0.001" variant="" />
		<Element name="ghostlyelixir_speed.tex" u1="0.251" u2="0.499" v2="0.499" v1="0.251" variant="" />
		<Element name="sisturn.tex" u1="0.501" u2="0.749" v2="0.499" v1="0.251" variant="" />
	</Elements>
</Atlas>